[
    {
        "name": {
            "english": "Pikachu"
        },
        "type": [
            "Electric"
        ],
        "base": {
            "HP": 35,
            "Attack": 55,
            "Defense": 40,
            "Sp. Attack": 50,
            "Sp. Defense": 50,
            "Speed": 90
        }
    },
    {
        "name": {
            "english": "Charmander"
        },
        "type": [
            "Fire"
        ],
        "base": {
            "HP": 39,
            "Attack": 52,
            "Defense": 43,
            "Sp. Attack": 60,
            "Sp. Defense": 50,
            "Speed": 65
        }
    },
    {
        "name": {
            "english": "Squirtle"
        },
        "type": [
            "Water"
        ],
        "base": {
            "HP": 44,
            "Attack": 48,
            "Defense": 65,
            "Sp. Attack": 50,
            "Sp. Defense": 64,
            "Speed": 43
        }
    },
    {
        "name": {
            "english": "chicorita"
        },
        "type": [
            "Fire",
            "Water"
        ],
        "base": {
            "hp": 9,
            "attack": 7,
            "defense": 8,
            "sp_attack": 5,
            "sp_defense": 4,
            "speed": 7
        }
    },
    {
        "name": {
            "english": "snorlax"
        },
        "type": [
            "Relax"
        ],
        "base": {
            "hp": 7,
            "attack": 98,
            "defense": 5,
            "sp_attack": 4,
            "sp_defense": 8,
            "speed": 10
        }
    }
]